{
  "images" : [
    {
      "filename" : "ProfileSelected.png",
      "idiom" : "universal",
      "scale" : "1x"
    },
    {
      "appearances" : [
        {
          "appearance" : "luminosity",
          "value" : "dark"
        }
      ],
      "filename" : "Profile.png",
      "idiom" : "universal",
      "scale" : "1x"
    },
    {
      "filename" : "ProfileSelected@2.png",
      "idiom" : "universal",
      "scale" : "2x"
    },
    {
      "appearances" : [
        {
          "appearance" : "luminosity",
          "value" : "dark"
        }
      ],
      "filename" : "Profile@2x.png",
      "idiom" : "universal",
      "scale" : "2x"
    },
    {
      "filename" : "ProfileSelected@3.png",
      "idiom" : "universal",
      "scale" : "3x"
    },
    {
      "appearances" : [
        {
          "appearance" : "luminosity",
          "value" : "dark"
        }
      ],
      "filename" : "Profile@3x.png",
      "idiom" : "universal",
      "scale" : "3x"
    }
  ],
  "info" : {
    "author" : "xcode",
    "version" : 1
  }
}
